M-02001+I-07932-001	https://tob.kan.bzh/chant-02001.html
M-00435+I-07935-025	https://tob.kan.bzh/chant-00435.html
M-00435+I-07938-026	https://tob.kan.bzh/chant-00435.html
M-02002+I-07940-001	https://tob.kan.bzh/chant-02002.html
M-02003+I-07943-001	https://tob.kan.bzh/chant-02003.html
M-02004+I-07946-001	https://tob.kan.bzh/chant-02004.html
M-00657+I-07951-006	https://tob.kan.bzh/chant-00657.html
M-00435+I-07955-028	https://tob.kan.bzh/chant-00435.html
M-00435+I-07953-027	https://tob.kan.bzh/chant-00435.html
M-00624+I-07714-003	https://tob.kan.bzh/chant-00624.html
M-00624+I-07966-002	https://tob.kan.bzh/chant-00624.html
M-00651+I-07968-001	https://tob.kan.bzh/chant-00651.html
M-00626+I-07971-004	https://tob.kan.bzh/chant-00626.html
M-00467+I-07715-003	https://tob.kan.bzh/chant-00467.html
M-02009+I-07977-001	https://tob.kan.bzh/chant-02009.html
M-01648+I-07974-001	https://tob.kan.bzh/chant-01648.html
M-00331+I-07718-010	https://tob.kan.bzh/chant-00331.html
M-00056+I-07721-003	https://tob.kan.bzh/chant-00056.html
M-02010+I-07985-001	https://tob.kan.bzh/chant-02010.html
M-01559+I-07722-003	https://tob.kan.bzh/chant-01559.html
M-01559+I-07723-004	https://tob.kan.bzh/chant-01559.html
M-01656+I-07724-002	https://tob.kan.bzh/chant-01656.html
M-00742+I-07725-001	https://tob.kan.bzh/chant-00742.html
M-00179+I-07726-002	https://tob.kan.bzh/chant-00179.html
M-02011+I-07995-001	https://tob.kan.bzh/chant-02011.html
M-02012+I-07997-001	https://tob.kan.bzh/chant-02012.html
M-02013+I-07999-001	https://tob.kan.bzh/chant-02013.html
M-01687+I-07727-001	https://tob.kan.bzh/chant-01687.html
M-02016+I-08011-001	https://tob.kan.bzh/chant-02016.html
M-00648+I-07728-002	https://tob.kan.bzh/chant-00648.html
M-01207+I-07729-001	https://tob.kan.bzh/chant-01207.html
M-01130+I-07730-004	https://tob.kan.bzh/chant-01130.html
M-01130+I-07731-003	https://tob.kan.bzh/chant-01130.html
M-01031+I-07732-002	https://tob.kan.bzh/chant-01031.html
M-00899+I-07733-001	https://tob.kan.bzh/chant-00899.html
M-00607+I-07735-001	https://tob.kan.bzh/chant-00607.html
M-00731+I-07736-003	https://tob.kan.bzh/chant-00731.html
M-01139+I-08017-001	https://tob.kan.bzh/chant-01139.html
M-00488+I-08015-002	https://tob.kan.bzh/chant-00488.html
M-00481+I-07737-004	https://tob.kan.bzh/chant-00481.html
M-00557+I-07739-001	https://tob.kan.bzh/chant-00557.html
M-00486+I-07740-001	https://tob.kan.bzh/chant-00486.html
M-00603+I-07741-002	https://tob.kan.bzh/chant-00603.html
M-00603+I-07742-003	https://tob.kan.bzh/chant-00603.html
M-00219+I-07743-005	https://tob.kan.bzh/chant-00219.html
M-00228+I-07745-007	https://tob.kan.bzh/chant-00228.html
M-00228+I-07744-006	https://tob.kan.bzh/chant-00228.html
M-02018+I-08019-001	https://tob.kan.bzh/chant-02018.html
M-00695+I-07746-004	https://tob.kan.bzh/chant-00695.html
M-00048+I-07747-002	https://tob.kan.bzh/chant-00048.html
M-00063+I-07748-004	https://tob.kan.bzh/chant-00063.html
M-00720+I-07749-002	https://tob.kan.bzh/chant-00720.html
M-00189+I-07750-001	https://tob.kan.bzh/chant-00189.html
M-00364+I-07752-002	https://tob.kan.bzh/chant-00364.html
M-00205+I-07753-001	https://tob.kan.bzh/chant-00205.html
M-02019+I-08021-001	https://tob.kan.bzh/chant-02019.html
M-00045+I-07755-005	https://tob.kan.bzh/chant-00045.html
M-00248+I-07756-001	https://tob.kan.bzh/chant-00248.html
M-00078+I-07757-003	https://tob.kan.bzh/chant-00078.html
M-00220+I-07758-007	https://tob.kan.bzh/chant-00220.html
M-00220+I-07760-005	https://tob.kan.bzh/chant-00220.html
M-00220+I-07759-006	https://tob.kan.bzh/chant-00220.html
M-00251+I-07761-004	https://tob.kan.bzh/chant-00251.html
M-02020+I-08025-001	https://tob.kan.bzh/chant-02020.html
M-02020+I-08027-001	https://tob.kan.bzh/chant-02020.html
M-00162+I-07762-003	https://tob.kan.bzh/chant-00162.html
M-00199+I-07763-007	https://tob.kan.bzh/chant-00199.html
M-00165+I-07764-002	https://tob.kan.bzh/chant-00165.html
M-00352+I-07765-002	https://tob.kan.bzh/chant-00352.html
M-00244+I-07767-007	https://tob.kan.bzh/chant-00244.html
M-00159+I-07769-001	https://tob.kan.bzh/chant-00159.html
M-00440+I-07770-001	https://tob.kan.bzh/chant-00440.html
M-00681+I-07771-002	https://tob.kan.bzh/chant-00681.html
M-00279+I-07772-001	https://tob.kan.bzh/chant-00279.html
M-00120+I-07773-001	https://tob.kan.bzh/chant-00120.html
M-00120+I-07774-002	https://tob.kan.bzh/chant-00120.html
M-00366+I-07775-001	https://tob.kan.bzh/chant-00366.html
M-00454+I-07776-001	https://tob.kan.bzh/chant-00454.html
M-00003+I-07583-002	https://tob.kan.bzh/chant-00003.html
M-00003+I-07777-001	https://tob.kan.bzh/chant-00003.html
M-00301+I-07778-001	https://tob.kan.bzh/chant-00301.html
M-00272+I-07781-003	https://tob.kan.bzh/chant-00272.html
M-00308+I-07782-001	https://tob.kan.bzh/chant-00308.html
M-00331+I-07784-009	https://tob.kan.bzh/chant-00331.html
M-00306+I-07849-001	https://tob.kan.bzh/chant-00306.html
M-00256+I-07629-006	https://tob.kan.bzh/chant-00256.html
M-00256+I-07608-005	https://tob.kan.bzh/chant-00256.html
M-00256+I-07785-003	https://tob.kan.bzh/chant-00256.html
M-00256+I-07585-004	https://tob.kan.bzh/chant-00256.html
M-00315+I-07786-001	https://tob.kan.bzh/chant-00315.html
M-00228+I-07787-008	https://tob.kan.bzh/chant-00228.html
M-00612+I-07788-001	https://tob.kan.bzh/chant-00612.html
M-00062+I-07789-002	https://tob.kan.bzh/chant-00062.html
M-00349+I-07790-003	https://tob.kan.bzh/chant-00349.html
M-00021+I-07791-001	https://tob.kan.bzh/chant-00021.html
M-01619+I-07792-001	https://tob.kan.bzh/chant-01619.html
M-01432+I-08040-002	https://tob.kan.bzh/chant-01432.html
M-00156+I-07794-002	https://tob.kan.bzh/chant-00156.html
M-00764+I-07795-001	https://tob.kan.bzh/chant-00764.html
M-01263+I-08042-022	https://tob.kan.bzh/chant-01263.html
M-01263+I-07796-001	https://tob.kan.bzh/chant-01263.html
M-01263+I-07797-002	https://tob.kan.bzh/chant-01263.html
M-01100+I-07798-001	https://tob.kan.bzh/chant-01100.html
M-01323+I-07799-003	https://tob.kan.bzh/chant-01323.html
M-00026+I-07800-001	https://tob.kan.bzh/chant-00026.html
M-00024+I-07802-001	https://tob.kan.bzh/chant-00024.html
M-00488+I-07804-003	https://tob.kan.bzh/chant-00488.html
M-00488+I-07805-004	https://tob.kan.bzh/chant-00488.html
M-00488+I-07806-005	https://tob.kan.bzh/chant-00488.html
M-00022+I-07807-001	https://tob.kan.bzh/chant-00022.html
M-00777+I-07808-002	https://tob.kan.bzh/chant-00777.html
M-00489+I-07810-001	https://tob.kan.bzh/chant-00489.html
M-00730+I-07811-001	https://tob.kan.bzh/chant-00730.html
M-01073+I-07813-002	https://tob.kan.bzh/chant-01073.html
M-01073+I-07812-001	https://tob.kan.bzh/chant-01073.html
M-00577+I-07814-001	https://tob.kan.bzh/chant-00577.html
M-00705+I-07815-001	https://tob.kan.bzh/chant-00705.html
M-00709+I-07816-001	https://tob.kan.bzh/chant-00709.html
M-01097+I-07817-001	https://tob.kan.bzh/chant-01097.html
M-01055+I-07818-001	https://tob.kan.bzh/chant-01055.html
M-00061+I-07820-002	https://tob.kan.bzh/chant-00061.html
M-00061+I-07819-001	https://tob.kan.bzh/chant-00061.html
M-01263+I-07821-003	https://tob.kan.bzh/chant-01263.html
M-00679+I-07822-001	https://tob.kan.bzh/chant-00679.html
M-00028+I-07825-003	https://tob.kan.bzh/chant-00028.html
M-00028+I-07824-002	https://tob.kan.bzh/chant-00028.html
M-00028+I-07826-004	https://tob.kan.bzh/chant-00028.html
M-00028+I-07823-006	https://tob.kan.bzh/chant-00028.html
M-00028+I-07827-005	https://tob.kan.bzh/chant-00028.html
M-00500+I-07828-001	https://tob.kan.bzh/chant-00500.html
M-00542+I-07837-001	https://tob.kan.bzh/chant-00542.html
M-01200+I-07829-001	https://tob.kan.bzh/chant-01200.html
M-00499+I-07830-001	https://tob.kan.bzh/chant-00499.html
M-00237+I-07831-003	https://tob.kan.bzh/chant-00237.html
M-00552+I-07832-003	https://tob.kan.bzh/chant-00552.html
M-00552+I-07833-002	https://tob.kan.bzh/chant-00552.html
M-00265+I-07834-001	https://tob.kan.bzh/chant-00265.html
M-01033+I-07835-001	https://tob.kan.bzh/chant-01033.html
M-01033+I-08044-002	https://tob.kan.bzh/chant-01033.html
M-00502+I-07836-001	https://tob.kan.bzh/chant-00502.html
M-00715+I-07839-001	https://tob.kan.bzh/chant-00715.html
M-00019+I-07841-002	https://tob.kan.bzh/chant-00019.html
M-00019+I-07840-001	https://tob.kan.bzh/chant-00019.html
M-00018+I-07845-004	https://tob.kan.bzh/chant-00018.html
M-00018+I-07842-001	https://tob.kan.bzh/chant-00018.html
M-00032+I-07851-001	https://tob.kan.bzh/chant-00032.html
M-00087+I-07852-001	https://tob.kan.bzh/chant-00087.html
M-00082+I-07853-001	https://tob.kan.bzh/chant-00082.html
M-00081+I-07855-001	https://tob.kan.bzh/chant-00081.html
M-02024+I-08048-001	https://tob.kan.bzh/chant-02024.html
M-00080+I-07859-002	https://tob.kan.bzh/chant-00080.html
M-00080+I-07858-001	https://tob.kan.bzh/chant-00080.html
M-00080+I-07860-003	https://tob.kan.bzh/chant-00080.html
M-00083+I-07862-003	https://tob.kan.bzh/chant-00083.html
M-00083+I-07861-002	https://tob.kan.bzh/chant-00083.html
M-00083+I-07863-004	https://tob.kan.bzh/chant-00083.html
M-00071+I-07864-001	https://tob.kan.bzh/chant-00071.html
M-00071+I-07865-002	https://tob.kan.bzh/chant-00071.html
M-00071+I-07866-003	https://tob.kan.bzh/chant-00071.html
M-00071+I-07868-005	https://tob.kan.bzh/chant-00071.html
M-00071+I-07867-004	https://tob.kan.bzh/chant-00071.html
M-00067+I-07871-001	https://tob.kan.bzh/chant-00067.html
M-00067+I-07872-002	https://tob.kan.bzh/chant-00067.html
M-00066+I-08054-004	https://tob.kan.bzh/chant-00066.html
M-00066+I-08050-002	https://tob.kan.bzh/chant-00066.html
M-00066+I-08052-003	https://tob.kan.bzh/chant-00066.html
M-00066+I-08056-005	https://tob.kan.bzh/chant-00066.html
M-00066+I-07874-001	https://tob.kan.bzh/chant-00066.html
M-00066+I-08058-006	https://tob.kan.bzh/chant-00066.html
M-00137+I-07878-001	https://tob.kan.bzh/chant-00137.html
M-00137+I-07876-003	https://tob.kan.bzh/chant-00137.html
M-00137+I-07875-002	https://tob.kan.bzh/chant-00137.html
M-00137+I-07877-004	https://tob.kan.bzh/chant-00137.html
M-00034+I-07883-002	https://tob.kan.bzh/chant-00034.html
M-00034+I-07884-003	https://tob.kan.bzh/chant-00034.html
M-00108+I-07885-001	https://tob.kan.bzh/chant-00108.html
M-00108+I-07886-002	https://tob.kan.bzh/chant-00108.html
M-00108+I-07887-003	https://tob.kan.bzh/chant-00108.html
M-00134+I-07888-002	https://tob.kan.bzh/chant-00134.html
M-00642+I-07889-003	https://tob.kan.bzh/chant-00642.html
M-00135+I-07891-002	https://tob.kan.bzh/chant-00135.html
M-00072+I-07890-001	https://tob.kan.bzh/chant-00072.html
M-01109+I-07892-001	https://tob.kan.bzh/chant-01109.html
M-01109+I-07893-002	https://tob.kan.bzh/chant-01109.html
M-01264+I-08062-002	https://tob.kan.bzh/chant-01264.html
M-00870+I-07894-001	https://tob.kan.bzh/chant-00870.html
M-00869+I-07895-001	https://tob.kan.bzh/chant-00869.html
M-01019+I-07896-001	https://tob.kan.bzh/chant-01019.html
M-00421+I-07897-002	https://tob.kan.bzh/chant-00421.html
M-00640+I-07898-001	https://tob.kan.bzh/chant-00640.html
M-00487+I-07899-001	https://tob.kan.bzh/chant-00487.html
M-00135+I-07900-003	https://tob.kan.bzh/chant-00135.html
M-00053+I-07901-001	https://tob.kan.bzh/chant-00053.html
M-00367+I-07903-002	https://tob.kan.bzh/chant-00367.html
M-00367+I-07902-001	https://tob.kan.bzh/chant-00367.html
M-00167+I-07904-001	https://tob.kan.bzh/chant-00167.html
M-00780+I-07905-001	https://tob.kan.bzh/chant-00780.html
M-01152+I-07906-001	https://tob.kan.bzh/chant-01152.html
M-00579+I-07907-001	https://tob.kan.bzh/chant-00579.html
M-00733+I-07908-001	https://tob.kan.bzh/chant-00733.html
M-01268+I-07910-002	https://tob.kan.bzh/chant-01268.html
M-01268+I-07909-001	https://tob.kan.bzh/chant-01268.html
M-00133+I-07911-002	https://tob.kan.bzh/chant-00133.html
M-01047+I-07912-002	https://tob.kan.bzh/chant-01047.html
M-00447+I-07913-001	https://tob.kan.bzh/chant-00447.html
M-01027+I-07914-001	https://tob.kan.bzh/chant-01027.html
M-00985+I-07916-001	https://tob.kan.bzh/chant-00985.html
M-01731+I-07917-002	https://tob.kan.bzh/chant-01731.html
M-00959+I-07918-001	https://tob.kan.bzh/chant-00959.html
M-00848+I-07919-001	https://tob.kan.bzh/chant-00848.html
M-00193+I-07920-001	https://tob.kan.bzh/chant-00193.html
M-00915+I-07922-001	https://tob.kan.bzh/chant-00915.html
M-02007+I-08064-001	https://tob.kan.bzh/chant-02007.html
M-00433+I-08066-002	https://tob.kan.bzh/chant-00433.html
M-00585+I-07923-002	https://tob.kan.bzh/chant-00585.html
M-00001+I-07924-001	https://tob.kan.bzh/chant-00001.html
M-00388+I-07925-001	https://tob.kan.bzh/chant-00388.html
M-00052+I-07926-001	https://tob.kan.bzh/chant-00052.html
M-01332+I-07927-003	https://tob.kan.bzh/chant-01332.html
M-00429+I-07928-001	https://tob.kan.bzh/chant-00429.html
M-00599+I-07929-002	https://tob.kan.bzh/chant-00599.html
M-01069+I-07930-001	https://tob.kan.bzh/chant-01069.html
